{"loss": [1.990702509880066, 0.7432858943939209, 0.479938268661499, 0.3506794571876526, 0.2974548041820526, 0.251169890165329], "accuracy": [0.4326903820037842, 0.7553191781044006, 0.8333664536476135, 0.8782064318656921, 0.8969973921775818, 0.9117120504379272], "val_loss": [0.3607028126716614, 0.22195780277252197, 0.10709751397371292, 0.09250813722610474, 0.0879644826054573, 0.06722551584243774], "val_accuracy": [0.8893409371376038, 0.9194467067718506, 0.9682669043540955, 0.9674532413482666, 0.9747762680053711, 0.9796582460403442]}