{"accuracy": [0.437462717294693, 0.7705309391021729, 0.8526545763015747, 0.8946112394332886, 0.9070391654968262, 0.9220520853996277], "loss": [2.009653329849243, 0.6869150400161743, 0.4366988241672516, 0.3038957417011261, 0.2668813467025757, 0.22565145790576935], "val_accuracy": [0.9039869904518127, 0.9576891660690308, 0.9690805673599243, 0.9715215563774109, 0.9764035940170288, 0.9772172570228577], "val_loss": [0.33758482336997986, 0.15487785637378693, 0.1161482036113739, 0.09108477085828781, 0.09054848551750183, 0.06628362834453583]}